{
    "providers": [
        {
            "type": "reference",
            "id": "minecraft:include/space"
        },
        {
            "type": "reference",
            "id": "minecraft:include/default",
            "filter": {
                "uniform": false
            }
        },
        {
            "type": "reference",
            "id": "minecraft:include/unifont"
        },
            {
      "type": "reference",
      "id": "minecraft:include/ownerbadge"
    },
      "type": "reference",
      "id": "minecraft:include/parrotlogo"
    }
    ]
}
