{
    "providers": [
        {
            "type": "reference",
            "id": "minecraft:include/space"
        },
        {
            "type": "reference",
            "id": "minecraft:include/default",
            "filter": {
                "uniform": false
            }
        },
        {
            "type": "reference",
            "id": "minecraft:include/unifont"
        },
        {
              "type": "bitmap",
              "file": "minecraft:font/ownerbadge.png",
              "ascent": 12,
              "height": 14,
              "chars": ["\ue000"]
        },
        {
              "type": "bitmap",
              "file": "minecraft:font/parrotlogo.png",
              "ascent": 12,
              "height": 14,
              "chars": ["\ue001"]
        },
        {
              "type": "bitmap",
              "file": "minecraft:font/axeicon.png",
              "ascent": 12,
              "height": 14,
              "chars": ["\ue002"]
        },
        {
              "type": "bitmap",
              "file": "minecraft:font/swordicon.png",
              "ascent": 12,
              "height": 14,
              "chars": ["\ue003"]
        }
    ]
}