{
    "providers": [
        {
            "type": "reference",
            "id": "minecraft:include/space"
        },
        {
            "type": "reference",
            "id": "minecraft:include/default",
            "filter": {
                "uniform": false
            }
        },
        {
            "type": "reference",
            "id": "minecraft:include/unifont"
        },
            {
      "type": "bitmap",
      "file": "minecraft:font/ownerbadge.png",
      "ascent": 8,
      "height": 8,
      "chars": ["\ue000"]
    }
    ]
}
